CREATE TABLE `access_info` (
  `user_id` int(10) unsigned NOT NULL,
  `login_period` datetime NOT NULL,
  `logout_period` datetime NOT NULL
) ENGINE=InnoDB DEFAULT CHARSET=utf8; 

CREATE TABLE `ad` (
  `id` int(25) unsigned NOT NULL AUTO_INCREMENT,
  `datetime` date NOT NULL,
  `from_date` date NOT NULL,
  `to_date` date NOT NULL,
  `path` text CHARACTER SET utf8 COLLATE utf8_unicode_ci NOT NULL,
  `url` text CHARACTER SET utf8 COLLATE utf8_unicode_ci NOT NULL,
  `ad_id` varchar(255) CHARACTER SET utf8 COLLATE utf8_unicode_ci NOT NULL,
  `status` varchar(255) CHARACTER SET utf8 COLLATE utf8_unicode_ci NOT NULL,
  PRIMARY KEY (`id`)
) ENGINE=MyISAM AUTO_INCREMENT=2 DEFAULT CHARSET=latin1; 

CREATE TABLE `current_visitor` (
  `id` int(10) NOT NULL AUTO_INCREMENT,
  `ip` text COLLATE utf8_unicode_ci NOT NULL,
  `time` varchar(255) COLLATE utf8_unicode_ci NOT NULL,
  PRIMARY KEY (`id`)
) ENGINE=InnoDB DEFAULT CHARSET=utf8 COLLATE=utf8_unicode_ci; 

CREATE TABLE `gallery` (
  `id` int(11) unsigned NOT NULL AUTO_INCREMENT,
  `gallery_date` date NOT NULL,
  `gallery_title` varchar(255) NOT NULL,
  `gallery_path` varchar(255) NOT NULL,
  `position` int(255) NOT NULL,
  `album` varchar(255) DEFAULT NULL,
  `trash` varchar(10) NOT NULL DEFAULT 'false',
  PRIMARY KEY (`id`)
) ENGINE=InnoDB AUTO_INCREMENT=56 DEFAULT CHARSET=utf8; 

CREATE TABLE `login_log` (
  `id` int(11) unsigned NOT NULL AUTO_INCREMENT,
  `username` varchar(255) CHARACTER SET latin1 NOT NULL,
  `datetime` varchar(100) CHARACTER SET latin1 NOT NULL,
  PRIMARY KEY (`id`)
) ENGINE=InnoDB AUTO_INCREMENT=3 DEFAULT CHARSET=utf8 COLLATE=utf8_unicode_ci; 

CREATE TABLE `messages` (
  `id` int(10) unsigned NOT NULL AUTO_INCREMENT,
  `messages_date` varchar(20) CHARACTER SET utf8mb4 NOT NULL,
  `messages_name` varchar(250) CHARACTER SET utf8mb4 NOT NULL,
  `messages_mobile` varchar(50) CHARACTER SET utf8mb4 NOT NULL,
  `messages_text` text CHARACTER SET utf8mb4 NOT NULL,
  `messages_condition` varchar(20) CHARACTER SET utf8mb4 NOT NULL,
  PRIMARY KEY (`id`)
) ENGINE=InnoDB AUTO_INCREMENT=5 DEFAULT CHARSET=utf8 COLLATE=utf8_unicode_ci; 

CREATE TABLE `post` (
  `id` int(11) NOT NULL AUTO_INCREMENT,
  `title` text COLLATE utf8_unicode_ci NOT NULL,
  `topic` text COLLATE utf8_unicode_ci NOT NULL,
  `news` text COLLATE utf8_unicode_ci NOT NULL,
  `photo` text COLLATE utf8_unicode_ci NOT NULL,
  `date` date NOT NULL,
  `is_latest` varchar(50) COLLATE utf8_unicode_ci NOT NULL DEFAULT '0',
  `publish` int(11) NOT NULL DEFAULT '0',
  PRIMARY KEY (`id`)
) ENGINE=InnoDB AUTO_INCREMENT=4 DEFAULT CHARSET=utf8 COLLATE=utf8_unicode_ci; 

CREATE TABLE `sessions` (
  `session_id` varchar(40) NOT NULL DEFAULT '0',
  `ip_address` varchar(45) NOT NULL DEFAULT '0',
  `user_agent` varchar(120) NOT NULL,
  `last_activity` int(10) unsigned NOT NULL DEFAULT '0',
  `user_data` text NOT NULL,
  PRIMARY KEY (`session_id`),
  KEY `last_activity_idx` (`last_activity`)
) ENGINE=InnoDB DEFAULT CHARSET=utf8; 

CREATE TABLE `site_meta` (
  `id` int(10) unsigned NOT NULL AUTO_INCREMENT,
  `meta_key` varchar(255) COLLATE utf8_unicode_ci NOT NULL,
  `meta_value` text COLLATE utf8_unicode_ci NOT NULL,
  PRIMARY KEY (`id`),
  UNIQUE KEY `meta_key` (`meta_key`)
) ENGINE=InnoDB AUTO_INCREMENT=13 DEFAULT CHARSET=utf8 COLLATE=utf8_unicode_ci; 

CREATE TABLE `sms_record` (
  `id` int(11) unsigned NOT NULL AUTO_INCREMENT,
  `delivery_date` date NOT NULL,
  `delivery_time` time NOT NULL,
  `mobile` varchar(20) CHARACTER SET latin1 NOT NULL,
  `message` text CHARACTER SET latin1 NOT NULL,
  `total_characters` varchar(4) CHARACTER SET latin1 NOT NULL,
  `total_messages` varchar(2) CHARACTER SET latin1 NOT NULL,
  `delivery_report` text CHARACTER SET latin1 NOT NULL,
  PRIMARY KEY (`id`)
) ENGINE=InnoDB AUTO_INCREMENT=9 DEFAULT CHARSET=utf8 COLLATE=utf8_unicode_ci; 

CREATE TABLE `tags` (
  `id` int(11) unsigned NOT NULL AUTO_INCREMENT,
  `tag_name` text COLLATE utf8_unicode_ci NOT NULL,
  `post_id` int(11) NOT NULL,
  PRIMARY KEY (`id`)
) ENGINE=InnoDB AUTO_INCREMENT=28 DEFAULT CHARSET=utf8 COLLATE=utf8_unicode_ci; 

CREATE TABLE `topic` (
  `id` int(11) unsigned NOT NULL AUTO_INCREMENT,
  `date` date NOT NULL,
  `topic` varchar(255) COLLATE utf8_unicode_ci NOT NULL,
  `parent_topic` varchar(255) COLLATE utf8_unicode_ci NOT NULL,
  PRIMARY KEY (`id`)
) ENGINE=InnoDB AUTO_INCREMENT=16 DEFAULT CHARSET=utf8 COLLATE=utf8_unicode_ci; 

CREATE TABLE `users` (
  `id` int(11) unsigned NOT NULL AUTO_INCREMENT,
  `opening` datetime NOT NULL,
  `name` varchar(100) NOT NULL,
  `l_name` varchar(100) NOT NULL,
  `gender` varchar(10) NOT NULL,
  `birthday` varchar(20) NOT NULL,
  `maritial_status` varchar(100) NOT NULL,
  `position` varchar(50) NOT NULL,
  `about` text NOT NULL,
  `website` varchar(100) NOT NULL,
  `facecbook` varchar(100) NOT NULL,
  `twitter` varchar(100) NOT NULL,
  `email` varchar(100) NOT NULL,
  `username` varchar(100) NOT NULL,
  `password` varchar(128) NOT NULL,
  `privilege` varchar(100) NOT NULL,
  `image` varchar(100) NOT NULL,
  `mobile` varchar(15) NOT NULL,
  `branch` varchar(100) NOT NULL,
  PRIMARY KEY (`id`)
) ENGINE=InnoDB AUTO_INCREMENT=65 DEFAULT CHARSET=utf8; 

CREATE TABLE `video_gallery` (
  `id` int(10) unsigned NOT NULL AUTO_INCREMENT,
  `date` date NOT NULL,
  `embed_code` text CHARACTER SET utf8mb4 NOT NULL,
  `video_title` varchar(255) CHARACTER SET utf8mb4 NOT NULL,
  PRIMARY KEY (`id`)
) ENGINE=InnoDB AUTO_INCREMENT=59 DEFAULT CHARSET=utf8 COLLATE=utf8_unicode_ci; 

CREATE TABLE `visitors` (
  `id` int(10) unsigned NOT NULL AUTO_INCREMENT,
  `date` date NOT NULL,
  `ip` varchar(255) CHARACTER SET utf8mb4 NOT NULL,
  `operating_system` text CHARACTER SET utf8mb4 NOT NULL,
  `browser` text CHARACTER SET utf8mb4 NOT NULL,
  `device` text CHARACTER SET utf8mb4 NOT NULL,
  PRIMARY KEY (`id`)
) ENGINE=InnoDB AUTO_INCREMENT=150 DEFAULT CHARSET=utf8 COLLATE=utf8_unicode_ci; 
 
INSERT INTO `access_info` ( `user_id`, `login_period`, `logout_period`) VALUES 
('60', '2016-11-05 15:58:08', '0000-00-00 00:00:00'), 
('60', '2016-11-05 15:58:30', '0000-00-00 00:00:00'), 
('60', '2016-11-05 15:58:36', '0000-00-00 00:00:00'), 
('60', '2016-11-05 15:58:44', '0000-00-00 00:00:00'), 
('60', '2016-11-05 15:59:27', '0000-00-00 00:00:00'), 
('60', '2016-11-05 16:01:51', '0000-00-00 00:00:00'), 
('60', '2016-11-05 16:15:49', '0000-00-00 00:00:00'), 
('60', '2016-11-05 16:17:18', '0000-00-00 00:00:00'), 
('60', '2016-11-05 17:11:38', '0000-00-00 00:00:00'), 
('60', '2016-11-05 17:44:01', '0000-00-00 00:00:00'), 
('60', '2016-11-14 09:46:31', '0000-00-00 00:00:00'), 
('60', '2016-11-14 11:31:23', '2016-11-14 11:37:51'), 
('60', '2016-11-14 11:38:01', '2016-11-14 11:38:37'), 
('60', '2016-11-14 11:38:49', '0000-00-00 00:00:00'), 
('60', '2016-11-14 12:15:28', '0000-00-00 00:00:00'), 
('60', '2016-11-15 12:19:47', '0000-00-00 00:00:00'), 
('60', '2016-11-17 10:16:05', '0000-00-00 00:00:00'), 
('60', '2016-11-20 17:48:21', '0000-00-00 00:00:00'), 
('60', '2016-11-21 14:19:09', '2016-11-21 14:26:06'), 
('60', '2016-11-21 23:46:49', '2016-11-21 23:47:21'), 
('60', '2016-11-21 23:58:54', '2016-11-21 23:59:29'), 
('60', '2016-11-23 11:40:24', '2016-11-23 11:49:48'), 
('60', '2016-11-24 15:43:58', '0000-00-00 00:00:00'), 
('60', '2016-11-24 17:45:57', '0000-00-00 00:00:00'), 
('61', '2016-11-27 09:43:20', '0000-00-00 00:00:00'), 
('60', '2016-11-28 11:38:20', '2016-11-28 12:33:37'), 
('60', '2016-11-29 14:56:44', '0000-00-00 00:00:00'), 
('60', '2016-11-29 14:59:26', '0000-00-00 00:00:00'), 
('60', '2016-11-29 15:47:50', '2016-11-29 15:49:48'), 
('60', '2016-12-04 12:24:29', '2016-12-04 12:24:36'), 
('60', '2016-12-05 17:14:40', '2016-12-05 17:18:20'), 
('60', '2016-12-10 11:01:34', '0000-00-00 00:00:00'), 
('60', '2017-01-03 11:18:48', '0000-00-00 00:00:00'), 
('60', '2017-01-14 10:39:35', '2017-01-14 10:41:55'), 
('60', '2017-01-14 12:10:42', '0000-00-00 00:00:00'), 
('60', '2017-01-14 17:20:03', '0000-00-00 00:00:00'), 
('60', '2017-01-14 17:21:33', '0000-00-00 00:00:00'), 
('60', '2017-01-15 10:22:18', '0000-00-00 00:00:00'), 
('60', '2017-01-18 11:14:36', '0000-00-00 00:00:00'), 
('60', '2017-01-21 10:28:07', '0000-00-00 00:00:00'), 
('60', '2017-01-22 10:30:25', '2017-01-22 11:03:46'), 
('60', '2017-01-25 12:20:51', '0000-00-00 00:00:00'), 
('60', '2017-01-25 16:28:35', '0000-00-00 00:00:00'), 
('60', '2017-01-26 10:19:55', '2017-01-26 10:20:17'), 
('60', '2017-01-26 13:18:40', '2017-01-26 13:52:03'), 
('60', '2017-01-26 13:54:56', '2017-01-26 15:39:49'), 
('60', '2017-01-26 16:08:25', '2017-01-26 16:11:02'), 
('60', '2017-01-26 16:39:59', '2017-01-26 16:56:34'), 
('60', '2017-01-29 10:31:26', '2017-01-29 10:33:34'), 
('60', '2017-01-31 16:06:43', '2017-01-31 16:16:12'), 
('60', '2017-01-31 16:16:27', '0000-00-00 00:00:00'), 
('60', '2017-01-31 16:55:33', '2017-01-31 17:27:14'), 
('60', '2017-01-31 16:58:30', '0000-00-00 00:00:00'), 
('60', '2017-02-01 10:49:51', '2017-02-01 11:50:27'), 
('60', '2017-02-01 11:50:33', '0000-00-00 00:00:00'), 
('60', '2017-02-01 12:31:31', '2017-02-01 17:40:49'), 
('60', '2017-02-01 17:44:38', '0000-00-00 00:00:00'), 
('60', '2017-02-01 17:50:00', '2017-02-01 17:50:30'), 
('60', '2017-02-01 17:51:58', '0000-00-00 00:00:00'), 
('60', '2017-02-01 17:53:13', '0000-00-00 00:00:00'), 
('60', '2017-02-01 17:53:21', '0000-00-00 00:00:00'), 
('60', '2017-02-05 10:11:16', '0000-00-00 00:00:00'), 
('60', '2017-02-05 10:24:45', '2017-02-05 10:25:10'), 
('60', '2017-02-05 11:04:31', '2017-02-05 11:47:51'), 
('60', '2017-02-05 11:47:56', '2017-02-05 12:55:14'), 
('60', '2017-02-05 11:48:26', '0000-00-00 00:00:00'), 
('60', '2017-02-05 11:48:29', '0000-00-00 00:00:00'), 
('60', '2017-02-05 11:51:37', '0000-00-00 00:00:00'), 
('60', '2017-02-05 13:13:38', '0000-00-00 00:00:00'), 
('60', '2017-02-05 16:16:24', '0000-00-00 00:00:00'), 
('60', '2017-02-06 11:51:53', '2017-02-06 11:52:10'), 
('60', '2017-02-06 11:56:26', '0000-00-00 00:00:00'), 
('60', '2017-02-06 12:57:31', '2017-02-06 14:09:04'), 
('60', '2017-02-06 14:10:22', '2017-02-06 14:29:37'), 
('60', '2017-02-06 15:04:51', '0000-00-00 00:00:00'), 
('60', '2017-02-07 12:29:14', '0000-00-00 00:00:00'), 
('60', '2017-02-07 15:37:24', '0000-00-00 00:00:00'), 
('60', '2017-02-07 15:37:57', '2017-02-07 15:39:44'), 
('60', '2017-02-07 15:40:26', '0000-00-00 00:00:00'), 
('60', '2017-02-08 12:35:33', '0000-00-00 00:00:00'), 
('60', '2017-02-08 14:31:37', '0000-00-00 00:00:00'), 
('60', '2017-02-09 10:07:37', '0000-00-00 00:00:00'), 
('60', '2017-02-09 12:31:41', '0000-00-00 00:00:00'), 
('60', '2017-02-09 15:54:07', '0000-00-00 00:00:00'), 
('60', '2017-02-11 15:43:57', '0000-00-00 00:00:00'), 
('60', '2017-02-11 15:46:05', '0000-00-00 00:00:00'), 
('60', '2017-02-11 15:55:58', '0000-00-00 00:00:00'), 
('60', '2017-02-13 15:44:04', '2017-02-13 15:44:16'), 
('60', '2017-02-14 10:30:22', '2017-02-14 13:22:03'), 
('60', '2017-02-14 13:17:57', '2017-02-14 13:18:08'), 
('60', '2017-02-14 13:23:34', '2017-02-14 13:49:33'), 
('60', '2017-02-14 13:30:59', '2017-02-14 13:53:56'), 
('60', '2017-02-18 12:51:53', '2017-02-18 12:51:59'), 
('60', '2017-02-18 16:12:10', '2017-02-18 16:12:19'), 
('60', '2017-02-18 16:44:08', '2017-02-18 16:44:13'), 
('60', '2017-02-20 13:12:09', '0000-00-00 00:00:00'), 
('60', '2017-02-26 13:47:31', '0000-00-00 00:00:00'), 
('60', '2017-02-26 14:07:52', '2017-02-26 14:08:20'), 
('60', '2017-02-28 14:30:16', '0000-00-00 00:00:00'), 
('60', '2017-02-28 14:46:41', '0000-00-00 00:00:00'), 
('60', '2017-03-01 15:15:27', '0000-00-00 00:00:00'), 
('60', '2017-03-02 15:56:49', '0000-00-00 00:00:00'), 
('60', '2017-03-02 16:04:44', '0000-00-00 00:00:00'), 
('60', '2017-03-02 16:09:36', '0000-00-00 00:00:00'), 
('60', '2017-03-08 10:42:29', '0000-00-00 00:00:00'), 
('60', '2017-03-08 13:09:42', '0000-00-00 00:00:00'), 
('60', '2017-03-09 15:46:53', '0000-00-00 00:00:00'), 
('60', '2017-03-11 17:57:49', '2017-03-11 17:58:00'), 
('60', '2017-03-13 12:27:09', '2017-03-13 12:27:24'), 
('60', '2017-03-14 15:53:26', '0000-00-00 00:00:00'), 
('60', '2017-03-14 16:31:15', '0000-00-00 00:00:00'), 
('60', '2017-03-14 16:34:51', '0000-00-00 00:00:00'), 
('60', '2017-03-15 10:20:20', '0000-00-00 00:00:00'), 
('60', '2017-03-15 10:47:01', '0000-00-00 00:00:00'), 
('60', '2017-03-15 10:57:52', '0000-00-00 00:00:00'), 
('60', '2017-03-15 15:24:56', '0000-00-00 00:00:00'), 
('60', '2017-03-16 10:08:46', '0000-00-00 00:00:00'), 
('60', '2017-03-18 10:11:25', '0000-00-00 00:00:00'), 
('60', '2017-03-18 10:45:27', '0000-00-00 00:00:00'), 
('60', '2017-03-18 11:11:31', '0000-00-00 00:00:00'), 
('60', '2017-03-18 12:45:21', '0000-00-00 00:00:00'), 
('60', '2017-03-18 14:51:15', '2017-03-18 14:54:30'), 
('60', '2017-03-18 14:55:31', '0000-00-00 00:00:00'), 
('60', '2017-03-19 12:48:15', '0000-00-00 00:00:00'), 
('60', '2017-03-21 11:01:56', '0000-00-00 00:00:00'), 
('60', '2017-03-21 11:43:00', '0000-00-00 00:00:00'), 
('60', '2017-03-22 16:44:01', '0000-00-00 00:00:00'), 
('60', '2017-03-22 16:58:25', '2017-03-22 17:09:21'), 
('60', '2017-03-25 11:03:16', '0000-00-00 00:00:00'), 
('60', '2017-03-25 12:20:33', '0000-00-00 00:00:00'), 
('60', '2017-03-27 12:09:18', '0000-00-00 00:00:00'), 
('60', '2017-03-27 16:38:32', '0000-00-00 00:00:00'), 
('60', '2017-03-27 17:15:58', '0000-00-00 00:00:00'), 
('60', '2017-03-29 13:24:42', '2017-03-29 13:48:48'), 
('60', '2017-03-29 13:53:16', '0000-00-00 00:00:00'), 
('60', '2017-04-01 10:45:30', '0000-00-00 00:00:00'), 
('60', '2017-04-01 10:57:08', '0000-00-00 00:00:00'), 
('60', '2017-04-03 13:00:51', '0000-00-00 00:00:00'), 
('60', '2017-04-05 16:46:21', '2017-04-05 16:59:23'), 
('60', '2017-04-05 16:59:35', '2017-04-05 17:00:50'), 
('60', '2017-04-05 17:01:41', '2017-04-05 17:02:57'), 
('60', '2017-04-05 17:03:05', '2017-04-05 17:04:05'), 
('60', '2017-04-05 17:04:10', '2017-04-05 17:04:24'), 
('60', '2017-04-05 17:11:34', '2017-04-05 17:11:47'), 
('60', '2017-04-05 17:11:51', '2017-04-05 17:12:07'), 
('61', '2017-04-05 17:12:15', '2017-04-05 17:12:28'), 
('60', '2017-04-05 17:12:32', '2017-04-05 17:12:42'), 
('60', '2017-04-05 17:12:45', '2017-04-05 18:07:18'), 
('60', '2017-04-06 11:43:28', '0000-00-00 00:00:00'), 
('60', '2017-04-08 10:35:54', '0000-00-00 00:00:00'), 
('60', '2017-04-08 11:54:01', '0000-00-00 00:00:00'), 
('60', '2017-04-08 12:06:32', '2017-04-08 12:14:13'), 
('60', '2017-04-08 18:12:37', '2017-04-08 18:17:29'), 
('60', '2017-04-08 18:17:33', '2017-04-08 18:17:40'), 
('60', '2017-04-08 18:17:45', '2017-04-08 18:18:13'), 
('60', '2017-04-08 18:18:17', '2017-04-08 18:23:13'), 
('60', '2017-04-09 16:47:00', '0000-00-00 00:00:00'), 
('60', '2017-04-15 12:40:40', '0000-00-00 00:00:00'), 
('60', '2017-04-15 12:51:33', '0000-00-00 00:00:00'), 
('60', '2017-04-17 12:18:15', '2017-04-17 15:13:19'), 
('60', '2017-04-17 13:40:14', '2017-04-17 15:22:40'), 
('60', '2017-04-17 15:14:04', '0000-00-00 00:00:00'), 
('60', '2017-04-17 15:22:46', '0000-00-00 00:00:00'), 
('60', '2017-04-18 10:07:55', '0000-00-00 00:00:00'), 
('60', '2017-04-18 16:05:40', '0000-00-00 00:00:00'), 
('60', '2017-04-18 16:14:18', '2017-04-18 16:14:25'), 
('60', '2017-04-19 10:10:58', '2017-04-19 10:11:48'), 
('60', '2017-04-19 10:11:53', '2017-04-19 13:00:02'), 
('60', '2017-04-19 13:00:45', '2017-04-19 13:00:52'), 
('60', '2017-04-19 13:00:57', '0000-00-00 00:00:00'), 
('60', '2017-04-20 11:29:53', '0000-00-00 00:00:00'), 
('60', '2017-04-22 10:49:53', '0000-00-00 00:00:00'), 
('60', '2017-04-22 12:45:58', '2017-04-22 18:10:45'), 
('60', '2017-04-22 16:41:03', '0000-00-00 00:00:00'), 
('60', '2017-04-23 15:39:24', '0000-00-00 00:00:00'), 
('60', '2017-04-23 17:24:43', '0000-00-00 00:00:00'), 
('60', '2017-04-23 17:37:00', '0000-00-00 00:00:00'), 
('60', '2017-04-24 12:58:43', '0000-00-00 00:00:00'), 
('60', '2017-04-24 16:30:56', '2017-04-24 16:45:53'), 
('60', '2017-04-24 17:40:29', '2017-04-24 17:43:15'), 
('60', '2017-04-24 17:47:27', '2017-04-24 17:47:37'), 
('60', '2017-04-24 17:47:42', '2017-04-24 18:08:05'), 
('60', '2017-04-25 10:06:24', '0000-00-00 00:00:00'), 
('60', '2017-04-25 13:08:02', '2017-04-25 14:33:48'), 
('60', '2017-04-25 14:34:17', '2017-04-25 14:34:25'), 
('60', '2017-04-25 14:34:29', '2017-04-25 14:56:55'), 
('60', '2017-04-25 15:11:41', '0000-00-00 00:00:00'), 
('60', '2017-04-26 12:36:14', '2017-04-26 15:41:26'), 
('60', '2017-04-26 13:49:40', '2017-04-26 13:52:10'), 
('60', '2017-04-26 15:41:37', '2017-04-26 15:41:54'), 
('63', '2017-04-26 15:41:58', '0000-00-00 00:00:00'), 
('60', '2017-04-26 15:44:51', '2017-04-26 15:46:26'), 
('63', '2017-04-26 15:46:36', '2017-04-26 15:47:35'), 
('60', '2017-04-26 15:47:47', '2017-04-26 15:51:10'), 
('63', '2017-04-26 15:52:22', '2017-04-26 15:54:28'), 
('60', '2017-04-26 15:54:33', '2017-04-26 15:55:06'), 
('63', '2017-04-26 15:55:23', '0000-00-00 00:00:00'), 
('60', '2017-04-26 15:56:32', '2017-04-26 15:57:52'), 
('60', '2017-04-26 15:57:59', '2017-04-26 15:58:13'), 
('63', '2017-04-26 15:58:20', '0000-00-00 00:00:00'), 
('63', '2017-04-26 15:59:37', '0000-00-00 00:00:00'), 
('60', '2017-04-26 16:02:54', '0000-00-00 00:00:00'), 
('63', '2017-04-26 16:03:51', '0000-00-00 00:00:00'), 
('61', '2017-04-26 16:05:45', '0000-00-00 00:00:00'), 
('60', '2017-04-26 16:07:10', '2017-04-26 16:08:48'), 
('64', '2017-04-26 16:09:00', '0000-00-00 00:00:00'), 
('60', '2017-04-27 10:17:49', '0000-00-00 00:00:00'), 
('60', '2017-04-30 15:43:50', '0000-00-00 00:00:00'), 
('60', '2017-05-04 11:05:09', '0000-00-00 00:00:00'), 
('60', '2017-05-06 12:13:45', '2017-05-06 12:14:21'), 
('60', '2017-05-06 15:09:40', '0000-00-00 00:00:00'), 
('60', '2017-05-10 11:35:21', '0000-00-00 00:00:00'), 
('60', '2017-05-10 14:57:42', '0000-00-00 00:00:00'), 
('60', '2017-05-10 15:19:47', '0000-00-00 00:00:00'), 
('60', '2017-05-11 10:10:50', '0000-00-00 00:00:00'), 
('60', '2017-05-11 11:57:39', '0000-00-00 00:00:00'), 
('60', '2017-05-13 16:24:27', '2017-05-13 16:34:57'), 
('60', '2017-05-13 16:35:48', '0000-00-00 00:00:00'), 
('60', '2017-05-13 18:17:04', '0000-00-00 00:00:00'), 
('60', '2017-05-16 16:18:09', '2017-05-16 16:24:15'), 
('60', '2017-05-16 16:24:47', '2017-05-16 16:25:43'), 
('60', '2017-05-16 16:28:14', '0000-00-00 00:00:00'), 
('60', '2017-05-16 17:36:02', '0000-00-00 00:00:00'), 
('60', '2017-05-17 10:27:41', '2017-05-17 10:27:54'), 
('60', '2017-05-17 10:28:18', '2017-05-17 10:36:35'), 
('60', '2017-05-17 10:36:41', '2017-05-17 10:38:13'), 
('60', '2017-05-21 11:45:15', '2017-05-21 11:45:33'), 
('60', '2017-05-21 17:30:07', '0000-00-00 00:00:00'), 
('60', '2017-05-22 12:31:10', '0000-00-00 00:00:00'), 
('60', '2017-05-23 10:16:43', '0000-00-00 00:00:00'), 
('60', '2017-05-29 14:32:39', '2017-05-29 14:33:17'), 
('60', '2017-06-07 10:20:12', '0000-00-00 00:00:00'), 
('60', '2017-06-07 11:27:12', '0000-00-00 00:00:00'), 
('60', '2017-07-02 17:17:13', '0000-00-00 00:00:00'), 
('60', '2017-07-03 11:34:22', '0000-00-00 00:00:00'), 
('60', '2017-07-03 11:39:37', '0000-00-00 00:00:00'), 
('60', '2017-07-03 13:17:41', '0000-00-00 00:00:00'), 
('60', '2017-07-08 14:32:29', '0000-00-00 00:00:00'), 
('60', '2017-07-08 17:05:21', '0000-00-00 00:00:00'), 
('60', '2017-07-10 15:50:24', '0000-00-00 00:00:00'), 
('60', '2017-07-16 10:32:12', '0000-00-00 00:00:00'), 
('60', '2017-07-27 11:02:30', '0000-00-00 00:00:00'), 
('60', '2017-07-27 11:02:52', '0000-00-00 00:00:00'), 
('60', '2017-07-30 17:28:40', '0000-00-00 00:00:00'), 
('60', '2017-07-31 16:51:14', '2017-07-31 17:08:58'), 
('60', '2017-08-05 16:30:47', '0000-00-00 00:00:00'), 
('60', '2017-09-10 15:40:14', '0000-00-00 00:00:00'), 
('60', '2017-10-10 17:18:47', '0000-00-00 00:00:00'), 
('60', '2017-10-10 17:19:33', '2017-10-10 17:22:02'), 
('60', '2017-10-10 17:22:07', '0000-00-00 00:00:00'), 
('60', '2017-10-11 09:11:01', '0000-00-00 00:00:00'), 
('60', '2017-10-11 16:04:06', '0000-00-00 00:00:00'), 
('60', '2017-10-12 09:29:09', '2017-10-12 15:49:58'), 
('60', '2017-10-12 16:14:55', '0000-00-00 00:00:00'), 
('60', '2017-10-12 17:23:22', '0000-00-00 00:00:00'), 
('60', '2017-10-14 09:30:26', '2017-10-14 10:05:14'), 
('60', '2017-10-14 15:41:06', '2017-10-14 16:01:40'), 
('60', '2017-10-14 16:04:46', '0000-00-00 00:00:00'), 
('60', '2017-10-14 17:07:39', '0000-00-00 00:00:00'), 
('60', '2017-10-14 17:23:18', '0000-00-00 00:00:00'), 
('60', '2017-10-15 09:15:47', '2017-10-15 11:25:40'), 
('60', '2017-10-15 10:53:15', '0000-00-00 00:00:00'), 
('60', '2017-10-15 11:01:58', '0000-00-00 00:00:00'), 
('60', '2017-10-15 12:06:30', '2017-10-15 17:39:48'), 
('60', '2017-10-15 16:58:17', '0000-00-00 00:00:00'), 
('60', '2017-10-15 17:40:37', '2017-10-15 17:40:55'), 
('60', '2017-10-15 17:41:51', '0000-00-00 00:00:00'), 
('60', '2017-10-16 09:24:37', '2017-10-16 09:35:12'), 
('60', '2017-10-16 10:20:38', '0000-00-00 00:00:00'), 
('60', '2017-10-16 12:30:06', '0000-00-00 00:00:00'), 
('60', '2017-10-17 09:34:07', '0000-00-00 00:00:00'), 
('60', '2017-10-17 10:28:51', '0000-00-00 00:00:00'), 
('60', '2017-10-17 10:57:25', '0000-00-00 00:00:00'), 
('60', '2017-10-17 11:03:47', '0000-00-00 00:00:00'), 
('60', '2017-10-17 11:04:28', '0000-00-00 00:00:00'), 
('60', '2017-10-17 11:05:09', '0000-00-00 00:00:00'), 
('60', '2017-10-17 11:10:28', '0000-00-00 00:00:00'), 
('60', '2017-10-17 11:12:17', '0000-00-00 00:00:00'), 
('60', '2017-10-17 11:14:11', '0000-00-00 00:00:00'), 
('60', '2017-10-17 11:15:46', '0000-00-00 00:00:00'), 
('60', '2017-10-17 11:18:02', '0000-00-00 00:00:00'), 
('60', '2017-10-17 11:24:11', '0000-00-00 00:00:00'), 
('60', '2017-10-17 11:25:02', '0000-00-00 00:00:00'), 
('60', '2017-10-17 11:38:12', '0000-00-00 00:00:00'), 
('60', '2017-10-17 11:42:56', '0000-00-00 00:00:00'), 
('60', '2017-10-17 11:52:59', '0000-00-00 00:00:00'), 
('60', '2017-10-17 12:31:25', '0000-00-00 00:00:00'), 
('60', '2017-10-17 12:54:16', '0000-00-00 00:00:00'), 
('60', '2017-10-17 14:30:34', '0000-00-00 00:00:00'), 
('60', '2017-10-17 15:04:33', '0000-00-00 00:00:00'), 
('60', '2017-10-17 15:05:11', '0000-00-00 00:00:00'), 
('60', '2017-10-17 16:01:10', '0000-00-00 00:00:00'), 
('60', '2017-10-17 16:12:03', '0000-00-00 00:00:00'), 
('60', '2017-10-17 16:16:32', '0000-00-00 00:00:00'), 
('60', '2017-10-17 16:36:53', '0000-00-00 00:00:00'), 
('60', '2017-10-17 16:53:02', '0000-00-00 00:00:00'), 
('60', '2017-10-17 18:01:22', '0000-00-00 00:00:00'), 
('60', '2017-10-17 18:05:02', '0000-00-00 00:00:00'), 
('60', '2017-10-18 09:35:39', '0000-00-00 00:00:00'), 
('60', '2017-10-18 09:47:39', '0000-00-00 00:00:00'), 
('60', '2017-10-18 09:59:38', '0000-00-00 00:00:00'), 
('60', '2017-10-18 10:19:36', '0000-00-00 00:00:00'), 
('60', '2017-10-18 10:30:31', '0000-00-00 00:00:00'), 
('60', '2017-10-18 10:48:01', '0000-00-00 00:00:00'), 
('60', '2017-10-18 11:03:22', '0000-00-00 00:00:00'), 
('60', '2017-10-18 11:13:23', '0000-00-00 00:00:00'), 
('60', '2017-10-18 14:30:16', '0000-00-00 00:00:00'), 
('60', '2017-10-18 15:25:17', '0000-00-00 00:00:00'), 
('60', '2017-10-18 17:36:40', '0000-00-00 00:00:00'), 
('60', '2017-10-19 13:34:49', '0000-00-00 00:00:00'), 
('60', '2017-10-19 15:49:35', '0000-00-00 00:00:00');  



INSERT INTO `ad` ( `id`, `datetime`, `from_date`, `to_date`, `path`, `url`, `ad_id`, `status`) VALUES 
('1', '2017-10-19', '2017-10-19', '2017-10-22', 'public/upload/ads/sd650064574906a1538.jpg', 'http://facebook.com', 'HBL1', '');  



 



INSERT INTO `gallery` ( `id`, `gallery_date`, `gallery_title`, `gallery_path`, `position`, `album`, `trash`) VALUES 
('42', '0000-00-00', 'Working on the field', 'public/gallery/gallery4396.png', '3', '', 'false'), 
('43', '0000-00-00', 'Logo', 'public/gallery/gallery5337.png', '0', '2', 'false'), 
('44', '0000-00-00', 'logo', 'public/gallery/gallery4899.jpg', '2', '1', 'false'), 
('45', '0000-00-00', 'Nature', 'public/gallery/gallery3954.jpg', '1', '1', 'false'), 
('46', '0000-00-00', 'Flower', 'public/gallery/gallery6567.jpg', '3', '1', 'false'), 
('47', '0000-00-00', 'The wild', 'public/gallery/gallery9402.jpg', '0', '2', 'false'), 
('48', '0000-00-00', 'Cycle', 'public/gallery/gallery2201.jpg', '0', '2', 'false'), 
('49', '0000-00-00', 'The Tree', 'public/gallery/gallery4879.jpg', '0', '2', 'false'), 
('51', '0000-00-00', 'asdf', 'public/gallery/gallery1819.png', '0', '4', 'false'), 
('52', '0000-00-00', 'asdfsadf', 'public/gallery/gallery9436.jpg', '0', '4', 'false'), 
('53', '0000-00-00', 'picnic1', 'public/gallery/gallery5004.jpg', '0', '3', 'false'), 
('54', '0000-00-00', 'picnic2', 'public/gallery/gallery3375.jpg', '0', '3', 'false'), 
('55', '0000-00-00', 'picnic3', 'public/gallery/gallery2961.jpg', '0', '3', 'false');  



INSERT INTO `login_log` ( `id`, `username`, `datetime`) VALUES 
('1', 'superadmin', '2017-10-19_03:49:35 pm'), 
('2', 'superadmin', '2017-10-19_01:34:49 pm');  



INSERT INTO `messages` ( `id`, `messages_date`, `messages_name`, `messages_mobile`, `messages_text`, `messages_condition`) VALUES 
('1', '2016-10-20', 'সোহেল ', '০১৯৩৭৪৭৬৭১৬', 'আমি ভর্তি সম্পর্কে জানতে চাই ।', 'read'), 
('2', '2016-10-21', 'Mustafiz Sohel', '01937476716', 'Mustafizur Rahman SOhel from Freelance IT Lab Myemsnigh ', 'read'), 
('3', '2016-10-21', 'Sohel', '01937476716', 'Hello World!', 'read'), 
('4', '2016-12-05', 'Maruf hasan', '01914690644', 'HI there', 'read');  



INSERT INTO `post` ( `id`, `title`, `topic`, `news`, `photo`, `date`, `is_latest`, `publish`) VALUES 
('3', 'আমার সোনার বাংলা আমি তোমায় ভালো বাসি', 'বাংলাদেশ', '<p>আমার সোনার বাংরা আমি তোমায় ভালো বাসি চিরদিন তোমার আকাশ তোমার বাতাস আমার প্রাণে বাজায় বাসি</p>', 'public/upload/post/ws00385P7n885o535t817e1.jpg', '2017-10-16', '1', '1');  



INSERT INTO `sessions` ( `session_id`, `ip_address`, `user_agent`, `last_activity`, `user_data`) VALUES 
('8cf6fe0549371137c4f3fbc7fd82e94d', '::1', 'Mozilla/5.0 (Windows NT 10.0; Win64; x64; rv:56.0) Gecko/20100101 Firefox/56.0', '1508406289', 'a:12:{s:9:"user_data";s:0:"";s:7:"user_id";s:2:"60";s:12:"login_period";s:22:"2017-10-18 14:30:16 pm";s:4:"name";s:9:"Freelance";s:5:"email";s:24:"freelanceitlab@gmail.com";s:8:"username";s:10:"superadmin";s:6:"mobile";s:11:"01234567890";s:9:"privilege";s:5:"admin";s:5:"image";s:30:"public/profiles/superadmin.jpg";s:6:"branch";s:0:"";s:6:"holder";s:5:"admin";s:8:"loggedin";b:1;}'), 
('b5d22fd0286a9ae1ddb90add39f93c79', '192.168.0.112', 'Mozilla/5.0 (Windows NT 10.0; Win64; x64) AppleWebKit/537.36 (KHTML, like Gecko) Chrome/61.0.3163.100 Safari/537.36', '1508406693', 'a:11:{s:7:"user_id";s:2:"60";s:12:"login_period";s:22:"2017-10-19 13:34:49 pm";s:4:"name";s:9:"Freelance";s:5:"email";s:24:"freelanceitlab@gmail.com";s:8:"username";s:10:"superadmin";s:6:"mobile";s:11:"01234567890";s:9:"privilege";s:5:"admin";s:5:"image";s:30:"public/profiles/superadmin.jpg";s:6:"branch";s:0:"";s:6:"holder";s:5:"admin";s:8:"loggedin";b:1;}'), 
('e2dc9ed8b0e59a643166ee29491adb6b', '192.168.0.108', 'Mozilla/5.0 (Windows NT 10.0; Win64; x64) AppleWebKit/537.36 (KHTML, like Gecko) Chrome/61.0.3163.100 Safari/537.36', '1508406547', 'a:12:{s:9:"user_data";s:0:"";s:7:"user_id";s:2:"60";s:12:"login_period";s:22:"2017-10-19 15:49:35 pm";s:4:"name";s:9:"Freelance";s:5:"email";s:24:"freelanceitlab@gmail.com";s:8:"username";s:10:"superadmin";s:6:"mobile";s:11:"01234567890";s:9:"privilege";s:5:"admin";s:5:"image";s:30:"public/profiles/superadmin.jpg";s:6:"branch";s:0:"";s:6:"holder";s:5:"admin";s:8:"loggedin";b:1;}');  



INSERT INTO `site_meta` ( `id`, `meta_key`, `meta_value`) VALUES 
('1', 'theme_color', '#800000'), 
('2', 'background_pattern', 'public/img/background13536.png'), 
('3', 'logo', '{"logo":"public\/img\/logo_206461.png","faveicon":"public\/img\/favicon_766682.png"}'), 
('4', 'menu_icon', '{"aside_menu":"fa fa-share","footer_menu":"fa fa-check-square"}'), 
('5', 'language', 'en'), 
('6', 'header', '{"site_name":"\u09b8\u09cb\u09a8\u09be\u09b0 \u09ac\u09be\u0982\u09b2\u09be \u09b9\u09be\u0987\u09b8\u09cd\u0995\u09c1\u09b2","place_name":"\u098f\u09b6\u09bf\u09df\u09be,\u09ac\u09be\u0982\u09b2\u09be\u09a6\u09c7\u09b6"}'), 
('7', 'footer', '{"l_footer_text":"\u0986\u09ae\u09be\u09b0 \u09b8\u09cb\u09a8\u09be\u09b0 \u09ac\u09be\u0982\u09b2\u09be","addr_moblile":"01735189237,01914690644","addr_email":"emarufhasan@gmail.com","addr_address":"Asia,Bangladesh","footer_img":"public\/img\/footer_771348.png"}'), 
('9', 'social_icon', '{"s_facebook":"http:\/\/facebook.com","s_twitter":"https:\/\/twitter.com","s_gplus":"http:\/\/plus.google.com","s_pinterest":"https:\/\/www.pinterest.com"}'), 
('10', 'login_background', 'private/images/background7443.jpg'), 
('11', 'google_map', '<iframe src="https://www.google.com/maps/embed?pb=!1m18!1m12!1m3!1d8370.258317077365!2d90.48247136589679!3d24.782360372571908!2m3!1f0!2f0!3f0!3m2!1i1024!2i768!4f13.1!3m3!1m2!1s0x0%3A0x1c9dfb8b569aec25!2z4KaX4Ka-4Kab4Kak4Kay4Ka-IOCmrOCmvuCmnOCmvuCmsA!5e0!3m2!1sbn!2sbd!4v1491652658795" width="600" height="450" frameborder="0" style="border:0" allowfullscreen></iframe>'), 
('12', 'update_date', '2017-10-17 10:47:26 am');  



INSERT INTO `sms_record` ( `id`, `delivery_date`, `delivery_time`, `mobile`, `message`, `total_characters`, `total_messages`, `delivery_report`) VALUES 
('1', '2017-01-31', '14:56:58', '01914690644', 'Hi..............!', '17', '1', '1'), 
('2', '2017-01-31', '14:57:38', '01914690644', 'adf', '3', '1', '1'), 
('3', '2017-01-31', '16:24:29', '01914690644', 'dfasdfsdfdf ', '12', '1', '1'), 
('4', '2017-03-11', '17:58:35', '01735189237', 'asdf', '4', '1', '1'), 
('5', '2017-03-13', '12:28:00', '01914690644', 'asdf', '4', '1', '1'), 
('6', '2017-04-02', '12:14:42', '01775219457', 'asldjf;a', '8', '1', '0'), 
('7', '2017-04-02', '12:14:46', '01735189237', 'asldjf;a', '8', '1', '0'), 
('8', '2017-04-02', '12:15:50', '01735189237', 'Hello', '5', '1', '1');  



INSERT INTO `tags` ( `id`, `tag_name`, `post_id`) VALUES 
('23', 'খুন', '3'), 
('24', 'হামলা', '3'), 
('25', 'চুরি', '3'), 
('26', 'ডাকাতি', '3'), 
('27', 'হরতাল', '3');  



INSERT INTO `topic` ( `id`, `date`, `topic`, `parent_topic`) VALUES 
('4', '2017-10-16', 'বাংলাদেশ', ''), 
('5', '2017-10-16', 'দেশজুড়ে', ''), 
('6', '2017-10-16', 'আন্তর্জাতিক', ''), 
('7', '2017-10-16', 'খেলাধুলা', ''), 
('8', '2017-10-16', 'বিনোদন', ''), 
('9', '2017-10-16', 'জেলার খবর', 'দেশজুড়ে'), 
('10', '2017-10-16', 'জাতীয়', 'বাংলাদেশ'), 
('11', '2017-10-16', 'রাজনীতি', 'বাংলাদেশ'), 
('12', '2017-10-16', 'অর্থনীতি', 'বাংলাদেশ'), 
('13', '2017-10-16', 'ক্রিকেট', 'খেলাধুলা'), 
('14', '2017-10-16', 'ফুটবল', 'খেলাধুলা'), 
('15', '2017-10-16', 'হা ডুডু', 'খেলাধুলা');  



INSERT INTO `users` ( `id`, `opening`, `name`, `l_name`, `gender`, `birthday`, `maritial_status`, `position`, `about`, `website`, `facecbook`, `twitter`, `email`, `username`, `password`, `privilege`, `image`, `mobile`, `branch`) VALUES 
('60', '2016-11-05 03:57:58', 'Freelance', 'iTLab', 'male', '2016-11-05', 'single', 'ceo', 'Freelance itLab', 'http://freelanceitlab.com/', 'http://freelanceitlab.com/', 'http://freelanceitlab.com/', 'freelanceitlab@gmail.com', 'superadmin', '262478f2a0b13b0532b5fddd18822a0f', 'admin', 'public/profiles/superadmin.jpg', '01234567890', ''), 
('61', '2017-02-06 01:17:20', 'Maruf hasan', '', '', '', '', '', '', '', '', '', 'emarufhasan@gmail.com', 'marufhasan', 'a335cd148309bd8f0faf7bad63b28dd0', 'user', 'public/employee/employee_001.jpg', '01735189237', ''), 
('62', '2017-02-06 01:28:48', 'Abdullah', '', '', '', '', '', '', '', '', '', 'abdullah@gmail.com', 'abdullah', 'd1c8e2f2e80ac400644cf8a8ccb351ec', 'user', 'public/employee/employee_002.png', '0178459641235', ''), 
('63', '2017-02-06 02:00:05', 'Imtiaz', '', '', '', '', '', '', '', '', '', 'imtiaz@gmail.com', 'imtiaz', 'b5ec9d68102fd3b2cbd79587c1f6aa57', 'user', 'public/employee/employee_003.jpg', '145789665414', ''), 
('64', '2017-04-26 04:08:44', 'Rony Debnath', '0', '0', '0', '0', '0', '0', '0', '0', '0', 'abc@gmail.com', 'ronycse9', '0aafed992f627bb30cfa3c20e3c0d6bf', 'user', 'public/profiles/ronycse9.jpg', '01234567899', '');  



INSERT INTO `video_gallery` ( `id`, `date`, `embed_code`, `video_title`) VALUES 
('53', '2017-10-18', '<iframe width="100%" height="100%" src="https://www.youtube.com/embed/Xv2dE5oWMNY" frameborder="0" allowfullscreen></iframe>', 'ভিডিও'), 
('55', '2017-10-18', '<iframe width="100%" height="100%" src="https://www.youtube.com/embed/Xv2dE5oWMNY" frameborder="0" allowfullscreen></iframe>', 'ভিডিও'), 
('56', '2017-10-18', '<iframe width="100%" height="100%" src="https://www.youtube.com/embed/Xv2dE5oWMNY" frameborder="0" allowfullscreen></iframe>', 'ভিডিও'), 
('58', '2017-10-19', '<iframe width="100%" height="100%" src="https://www.youtube.com/embed/<iframe width="560" height="315" src="https://www.youtube.com/embed/Fn57JS9WnAQ" frameborder="0" allowfullscreen></iframe>" frameborder="0" allowfullscreen></iframe>', 'Android');  



INSERT INTO `visitors` ( `id`, `date`, `ip`, `operating_system`, `browser`, `device`) VALUES 
('1', '2017-02-08', '192.168.0.109', 'Windows 10', 'Chrome', 'Computer'), 
('2', '2017-02-08', '192.168.0.110', 'Android', 'Mobile Browser', 'Mobile'), 
('3', '2017-02-08', '192.168.0.105', 'Windows 10', 'Firefox', 'Computer'), 
('4', '2017-02-08', '192.168.0.108', 'Android', 'Mobile Browser', 'Mobile'), 
('5', '2017-02-08', '192.168.0.106', 'Windows 10', 'Firefox', 'Computer'), 
('6', '2017-02-09', '192.168.0.106', 'Windows 10', 'Firefox', 'Computer'), 
('7', '2017-02-09', '192.168.0.105', 'Windows 10', 'Firefox', 'Computer'), 
('8', '2017-02-09', '192.168.0.104', 'Windows 10', 'Firefox', 'Computer'), 
('9', '2017-02-09', '::1', 'Windows 10', 'Chrome', 'Computer'), 
('10', '2017-02-09', '192.168.0.108', 'Windows 7', 'Firefox', 'Computer'), 
('11', '2017-02-09', '192.168.0.101', 'Android', 'Mobile Browser', 'Mobile'), 
('12', '2017-02-11', '::1', 'Windows 10', 'Chrome', 'Computer'), 
('13', '2017-02-11', '::1', 'Windows 10', 'Chrome', 'Computer'), 
('14', '2017-02-13', '192.168.0.103', 'Windows 10', 'Firefox', 'Computer'), 
('15', '2017-02-13', '192.168.0.104', 'Windows 10', 'Firefox', 'Computer'), 
('17', '2017-02-14', '192.168.0.106', 'Windows 10', 'UC Browser', 'Computer'), 
('18', '2017-02-14', '192.168.0.104', 'Windows 10', 'Firefox', 'Computer'), 
('19', '2017-02-14', '192.168.0.100', 'Windows 7', 'Firefox', 'Computer'), 
('20', '2017-02-14', '192.168.0.111', 'Windows 10', 'Chrome', 'Computer'), 
('21', '2017-02-14', '192.168.0.103', 'Windows 10', 'Edge', 'Computer'), 
('22', '2017-02-15', '192.168.0.103', 'Windows 10', 'Firefox', 'Computer'), 
('23', '2017-02-15', '192.168.0.102', 'Windows 10', 'Firefox', 'Computer'), 
('24', '2017-02-18', '192.168.0.102', 'Windows 10', 'Firefox', 'Computer'), 
('25', '2017-02-18', '192.168.0.104', 'Windows 10', 'Firefox', 'Computer'), 
('26', '2017-02-18', '192.168.0.103', 'Windows 10', 'Firefox', 'Computer'), 
('27', '2017-02-18', '192.168.0.105', 'Windows 10', 'Firefox', 'Computer'), 
('28', '2017-02-19', '192.168.0.104', 'Windows 10', 'Chrome', 'Computer'), 
('29', '2017-02-19', '192.168.0.106', 'Windows 10', 'Chrome', 'Computer'), 
('30', '2017-02-19', '192.168.0.105', 'Windows 10', 'Firefox', 'Computer'), 
('31', '2017-02-19', '192.168.0.103', 'Windows 10', 'Firefox', 'Computer'), 
('32', '2017-02-20', '192.168.0.105', 'Windows 10', 'Firefox', 'Computer'), 
('33', '2017-02-20', '192.168.0.103', 'Windows 10', 'Firefox', 'Computer'), 
('34', '2017-02-20', '192.168.0.108', 'Windows 10', 'Firefox', 'Computer'), 
('35', '2017-02-22', '192.168.0.100', 'Windows 7', 'Firefox', 'Computer'), 
('36', '2017-02-22', '192.168.0.108', 'Windows 10', 'Firefox', 'Computer'), 
('37', '2017-02-22', '192.168.0.103', 'Windows 10', 'Firefox', 'Computer'), 
('38', '2017-02-23', '192.168.0.107', 'Windows 10', 'Chrome', 'Computer'), 
('39', '2017-02-23', '192.168.0.107', 'Windows 10', 'Chrome', 'Computer'), 
('40', '2017-02-26', '192.168.0.106', 'Windows 10', 'Firefox', 'Computer'), 
('41', '2017-02-26', '192.168.0.107', 'Windows 10', 'Firefox', 'Computer'), 
('42', '2017-02-26', '192.168.0.100', 'Windows 10', 'Chrome', 'Computer'), 
('43', '2017-02-28', '192.168.0.106', 'Windows 10', 'Firefox', 'Computer'), 
('44', '2017-02-28', '::1', 'Windows 10', 'Chrome', 'Computer'), 
('45', '2017-03-01', '::1', 'Windows 10', 'Chrome', 'Computer'), 
('46', '2017-03-01', '192.168.0.106', 'Windows 10', 'Firefox', 'Computer'), 
('47', '2017-03-02', '192.168.0.106', 'Windows 10', 'Firefox', 'Computer'), 
('48', '2017-03-02', '::1', 'Windows 10', 'Chrome', 'Computer'), 
('49', '2017-03-04', '192.168.0.107', 'Windows 10', 'Firefox', 'Computer'), 
('50', '2017-03-05', '192.168.0.106', 'Windows 10', 'Firefox', 'Computer'), 
('51', '2017-03-06', '192.168.0.106', 'Windows 10', 'Firefox', 'Computer'), 
('52', '2017-03-06', '192.168.0.103', 'Windows 10', 'Firefox', 'Computer'), 
('53', '2017-03-07', '192.168.0.104', 'Windows 10', 'Firefox', 'Computer'), 
('54', '2017-03-08', '192.168.0.103', 'Windows 10', 'Firefox', 'Computer'), 
('55', '2017-03-09', '192.168.0.102', 'Windows 10', 'Firefox', 'Computer'), 
('56', '2017-03-09', '192.168.0.106', 'Windows 10', 'Chrome', 'Computer'), 
('57', '2017-03-11', '192.168.0.106', 'Windows 10', 'Chrome', 'Computer'), 
('58', '2017-03-11', '192.168.0.106', 'Windows 10', 'Chrome', 'Computer'), 
('59', '2017-03-12', '::1', 'Windows 10', 'Firefox', 'Computer'), 
('60', '2017-03-13', '192.168.0.106', 'Windows 10', 'Firefox', 'Computer'), 
('61', '2017-03-13', '192.168.0.103', 'Windows 10', 'Firefox', 'Computer'), 
('62', '2017-03-14', '192.168.0.102', 'Windows 10', 'Firefox', 'Computer'), 
('63', '2017-03-14', '192.168.0.101', 'Windows 7', 'Firefox', 'Computer'), 
('64', '2017-03-15', '192.168.0.102', 'Windows 10', 'Firefox', 'Computer'), 
('65', '2017-03-15', '192.168.0.100', 'Windows 7', 'Firefox', 'Computer'), 
('66', '2017-03-16', '192.168.0.102', 'Windows 10', 'Firefox', 'Computer'), 
('67', '2017-03-18', '192.168.0.102', 'Windows 10', 'Firefox', 'Computer'), 
('68', '2017-03-18', '192.168.0.110', 'Windows 10', 'Firefox', 'Computer'), 
('69', '2017-03-18', '192.168.0.100', 'Windows 7', 'Firefox', 'Computer'), 
('70', '2017-03-18', '::1', 'Windows 10', 'Firefox', 'Computer'), 
('71', '2017-03-18', '192.168.0.109', 'Windows 10', 'Firefox', 'Computer'), 
('72', '2017-03-18', '127.0.0.1', 'Windows 10', 'Firefox', 'Computer'), 
('73', '2017-03-19', '192.168.0.103', 'Windows 10', 'Firefox', 'Computer'), 
('74', '2017-03-20', '192.168.0.102', 'Windows 10', 'Firefox', 'Computer'), 
('75', '2017-03-20', '192.168.0.103', 'Windows 10', 'Firefox', 'Computer'), 
('76', '2017-03-21', '192.168.0.103', 'Windows 10', 'Firefox', 'Computer'), 
('77', '2017-03-21', '192.168.0.102', 'Windows 10', 'Firefox', 'Computer'), 
('78', '2017-03-22', '::1', 'Windows 10', 'Chrome', 'Computer'), 
('79', '2017-03-22', '192.168.0.103', 'Windows 10', 'Firefox', 'Computer'), 
('80', '2017-03-25', '192.168.0.104', 'Windows 10', 'Firefox', 'Computer'), 
('81', '2017-03-27', '::1', 'Windows 10', 'Firefox', 'Computer'), 
('82', '2017-03-27', '192.168.0.103', 'Windows 10', 'Firefox', 'Computer'), 
('83', '2017-03-27', '192.168.0.104', 'Windows 10', 'Firefox', 'Computer'), 
('84', '2017-03-30', '::1', 'Windows 10', 'Chrome', 'Computer'), 
('85', '2017-04-01', '192.168.0.106', 'Windows 10', 'Chrome', 'Computer'), 
('86', '2017-04-02', '192.168.0.109', 'Windows 10', 'Chrome', 'Computer'), 
('87', '2017-04-03', '192.168.0.104', 'Windows 10', 'Firefox', 'Computer'), 
('88', '2017-04-05', '192.168.0.107', 'Windows 10', 'Firefox', 'Computer'), 
('89', '2017-04-06', '192.168.0.107', 'Windows 10', 'Firefox', 'Computer'), 
('90', '2017-04-08', '192.168.0.107', 'Windows 10', 'Firefox', 'Computer'), 
('91', '2017-04-09', '192.168.0.107', 'Windows 10', 'Firefox', 'Computer'), 
('92', '2017-04-15', '192.168.0.110', 'Windows 10', 'Chrome', 'Computer'), 
('93', '2017-04-15', '::1', 'Windows 10', 'Chrome', 'Computer'), 
('94', '2017-04-16', '192.168.0.107', 'Windows 10', 'Firefox', 'Computer'), 
('95', '2017-04-17', '::1', 'Windows 10', 'Chrome', 'Computer'), 
('96', '2017-04-18', '::1', 'Windows 10', 'Chrome', 'Computer'), 
('97', '2017-04-18', '192.168.0.107', 'Windows 10', 'Firefox', 'Computer'), 
('98', '2017-04-18', '192.168.0.110', 'Windows 10', 'Firefox', 'Computer'), 
('99', '2017-04-19', '::1', 'Windows 10', 'Firefox', 'Computer'), 
('100', '2017-04-20', '::1', 'Windows 10', 'Firefox', 'Computer'), 
('101', '2017-04-22', '::1', 'Windows 10', 'Chrome', 'Computer'), 
('102', '2017-04-22', '192.168.0.102', 'Windows 10', 'Firefox', 'Computer'), 
('103', '2017-04-23', '::1', 'Windows 10', 'Firefox', 'Computer'), 
('104', '2017-04-23', '192.168.0.108', 'Windows 10', 'Firefox', 'Computer'), 
('105', '2017-04-23', '192.168.0.111', 'Windows 10', 'Chrome', 'Computer'), 
('106', '2017-04-24', '192.168.0.108', 'Windows 10', 'Firefox', 'Computer'), 
('107', '2017-04-24', '::1', 'Windows 10', 'Firefox', 'Computer'), 
('108', '2017-04-25', '::1', 'Windows 10', 'Firefox', 'Computer'), 
('109', '2017-04-26', '::1', 'Windows 10', 'Firefox', 'Computer'), 
('110', '2017-04-26', '192.168.0.111', 'Windows 10', 'Chrome', 'Computer'), 
('111', '2017-04-27', '::1', 'Windows 10', 'Firefox', 'Computer'), 
('112', '2017-04-29', '::1', 'Windows 10', 'Firefox', 'Computer'), 
('113', '2017-04-30', '192.168.0.107', 'Windows 10', 'Firefox', 'Computer'), 
('114', '2017-05-03', '192.168.1.101', 'Windows 10', 'Chrome', 'Computer'), 
('115', '2017-05-04', '192.168.1.105', 'Windows 10', 'Firefox', 'Computer'), 
('116', '2017-05-06', '::1', 'Windows 10', 'Firefox', 'Computer'), 
('117', '2017-05-08', '::1', 'Windows 10', 'Firefox', 'Computer'), 
('118', '2017-05-10', '192.168.1.104', 'Windows 10', 'Firefox', 'Computer'), 
('119', '2017-05-10', '::1', 'Windows 10', 'Firefox', 'Computer'), 
('120', '2017-05-13', '::1', 'Windows 10', 'Firefox', 'Computer'), 
('121', '2017-05-13', '192.168.1.100', 'Windows 7', 'Firefox', 'Computer'), 
('122', '2017-05-14', '192.168.1.100', 'Windows 7', 'Firefox', 'Computer'), 
('123', '2017-05-16', '192.168.1.101', 'Windows 7', 'Firefox', 'Computer'), 
('124', '2017-05-16', '::1', 'Windows 10', 'Firefox', 'Computer'), 
('125', '2017-05-17', '::1', 'Windows 10', 'Firefox', 'Computer'), 
('126', '2017-05-20', '192.168.1.100', 'Windows 7', 'Firefox', 'Computer'), 
('127', '2017-05-21', '::1', 'Windows 10', 'Firefox', 'Computer'), 
('128', '2017-05-21', '192.168.1.101', 'Windows 7', 'Firefox', 'Computer'), 
('129', '2017-05-29', '::1', 'Windows 10', 'Firefox', 'Computer'), 
('130', '2017-06-11', '192.168.1.112', 'Windows 10', 'Firefox', 'Computer'), 
('131', '2017-06-20', '::1', '', '', ''), 
('132', '2017-07-02', '192.168.1.103', 'Windows 10', 'Firefox', 'Computer'), 
('133', '2017-07-02', '192.168.1.106', 'Windows 10', 'Chrome', 'Computer'), 
('134', '2017-07-03', '192.168.1.107', 'Windows 10', 'Firefox', 'Computer'), 
('135', '2017-07-08', '192.168.1.104', 'Windows 10', 'Firefox', 'Computer'), 
('136', '2017-07-10', '192.168.1.113', 'Windows 10', 'Firefox', 'Computer'), 
('137', '2017-07-16', '192.168.1.104', 'Windows 10', 'Firefox', 'Computer'), 
('138', '2017-07-27', '192.168.1.110', 'Windows 10', 'Chrome', 'Computer'), 
('139', '2017-07-30', '192.168.1.106', 'Windows 10', 'Firefox', 'Computer'), 
('140', '2017-07-31', '192.168.1.103', 'Windows 10', 'Chrome', 'Computer'), 
('141', '2017-08-05', '192.168.1.106', 'Windows 10', 'Firefox', 'Computer'), 
('142', '2017-08-13', '192.168.1.103', 'Windows 10', 'Firefox', 'Computer'), 
('143', '2017-08-28', '::1', 'Windows 10', 'Chrome', 'Computer'), 
('144', '2017-09-10', '192.168.1.105', 'Windows 10', 'Firefox', 'Computer'), 
('145', '2017-10-10', '::1', 'Windows 10', 'Firefox', 'Computer'), 
('146', '2017-10-11', '::1', 'Windows 10', 'Firefox', 'Computer'), 
('147', '2017-10-12', '::1', 'Windows 10', 'Firefox', 'Computer'), 
('148', '2017-10-14', '::1', 'Windows 10', 'Firefox', 'Computer'), 
('149', '2017-10-15', '::1', 'Windows 10', 'Firefox', 'Computer'); 